Growth Profitability and Financial Ratios for Tesla Inc,,,,,,,,,,,
Financials,,,,,,,,,,,
,2009-12,2010-12,2011-12,2012-12,2013-12,2014-12,2015-12,2016-12,2017-12,2018-12,TTM
Revenue USD Mil,112,117,204,413,"2,013","3,198","4,046","7,000","11,759","21,461","24,420"
Gross Margin %,8.5,26.3,30.2,7.3,22.7,27.6,22.8,22.8,18.9,18.8,16.9
Operating Income USD Mil,-52,-147,-251,-394,-61,-187,-717,-667,"-1,632",-253,152
Operating Margin %,-46.4,-125.8,-123.1,-95.4,-3.0,-5.8,-17.7,-9.5,-13.9,-1.2,0.6
Net Income USD Mil,-56,-154,-254,-396,-74,-294,-889,-675,"-1,961",-976,-827
Earnings Per Share USD,-0.71,-3.04,-2.53,-3.69,-0.62,-2.36,-6.93,-4.68,-11.83,-5.72,-4.70
Dividends USD,,,,,,,,,,,
Payout Ratio % *,,,,,,,,,,,
Shares Mil,78,51,100,107,119,125,128,144,166,171,175
Book Value Per Share * USD,,2.18,2.81,1.09,4.58,7.62,10.00,16.59,27.91,26.12,36.72
Operating Cash Flow USD Mil,-81,-128,-114,-266,258,-57,-524,-124,-61,"2,098","2,215"
Cap Spending USD Mil,-12,-40,-198,-239,-264,-970,"-1,635","-1,440","-4,081","-2,320","-1,343"
Free Cash Flow USD Mil,d-93,-168,-312,-505,-6,"-1,027","-2,159","-1,564","-4,142",-222,872
Free Cash Flow Per Share * USD,,-3.31,-2.88,-4.71,-1.26,-4.31,-17.14,-6.34,-30.01,-8.84,
Working Capital USD Mil,43,150,181,-14,591,"1,091",-25,433,"-1,104","-1,686",
,,,,,,,,,,,
Key Ratios -> Profitability,,,,,,,,,,,
Margins % of Sales,2009-12,2010-12,2011-12,2012-12,2013-12,2014-12,2015-12,2016-12,2017-12,2018-12,TTM
Revenue,100.00,100.00,100.00,100.00,100.00,100.00,100.00,100.00,100.00,100.00,100.00
COGS,91.48,73.68,69.84,92.72,77.34,72.43,77.18,77.15,81.10,81.17,83.12
Gross Margin,8.52,26.32,30.16,7.28,22.66,27.57,22.82,22.85,18.90,18.83,16.88
SG&A,37.65,72.44,50.97,36.39,14.18,18.87,22.79,20.46,21.06,13.21,10.71
R&D,17.22,79.66,102.32,66.30,11.52,14.53,17.74,11.92,11.72,6.80,5.55
Other,,,,,,,,,,,
Operating Margin,-46.36,-125.78,-123.13,-95.41,-3.04,-5.84,-17.71,-9.53,-13.88,-1.18,0.62
Net Int Inc & Other,-3.41,-6.27,-1.19,-0.43,-0.50,-3.06,-3.93,-1.13,-4.91,-3.50,-3.11
EBT Margin,-49.77,-132.05,-124.32,-95.84,-3.55,-8.90,-21.64,-10.66,-18.79,-4.68,-2.48
,,,,,,,,,,,
Profitability,2009-12,2010-12,2011-12,2012-12,2013-12,2014-12,2015-12,2016-12,2017-12,2018-12,TTM
Tax Rate %,,,,,,,,,,,
Net Margin %,-49.79,-132.19,-124.56,-95.88,-3.68,-9.19,-21.96,-9.64,-16.68,-4.55,-3.39
Asset Turnover (Average),1.23,0.45,0.37,0.45,1.14,0.77,0.58,0.46,0.46,0.73,0.79
Return on Assets %,-61.21,-59.76,-46.28,-43.36,-4.19,-7.11,-12.75,-4.39,-7.64,-3.34,-2.67
Financial Leverage (Average),,1.86,3.18,8.94,3.62,6.42,7.43,4.77,6.76,6.04,5.43
Return on Equity %,,,-118.03,-227.22,-18.69,-37.25,-88.84,-23.11,-43.63,-21.31,-15.68
Return on Invested Capital %,,,-64.95,-72.33,-5.65,-9.81,-22.72,-6.59,-11.49,-2.93,-1.85
Interest Coverage,-21.01,-154.40,,,-1.17,-1.82,-6.37,-2.75,-3.69,-0.52,0.12
,,,,,,,,,,,
Key Ratios -> Growth,,,,,,,,,,,
,2009-12,2010-12,2011-12,2012-12,2013-12,2014-12,2015-12,2016-12,2017-12,2018-12,Latest Qtr
Revenue %,,,,,,,,,,,
Year over Year,,4.29,74.95,102.34,387.23,58.85,26.50,73.01,67.98,82.51,-7.64
3-Year Average,,1069.42,140.18,54.55,158.37,150.18,113.93,51.49,54.34,74.40,
5-Year Average,,,,463.09,167.35,95.52,103.22,102.76,95.36,60.52,
10-Year Average,,,,,,,,,231.67,107.16,
Operating Income %,,,,,,,,,,,
Year over Year,,,,,,,,,,,-41.08
3-Year Average,,,,,,,,,,,
5-Year Average,,,,,,,,,,,
10-Year Average,,,,,,,,,,,
Net Income %,,,,,,,,,,,
Year over Year,,,,,,,,,,,
3-Year Average,,,,,,,,,,,
5-Year Average,,,,,,,,,,,
10-Year Average,,,,,,,,,,,
EPS %,,,,,,,,,,,
Year over Year,,,,,,,,,,,-55.43
3-Year Average,,,,,,,,,,,
5-Year Average,,,,,,,,,,,
10-Year Average,,,,,,,,,,,
,,,,,,,,,,,
Key Ratios -> Cash Flow,,,,,,,,,,,
Cash Flow Ratios,2009-12,2010-12,2011-12,2012-12,2013-12,2014-12,2015-12,2016-12,2017-12,2018-12,TTM
Operating Cash Flow Growth % YOY,,,,,,,,,,,
Free Cash Flow Growth % YOY,,,,,,,,,,,
Cap Ex as a % of Sales,10.62,34.44,96.89,57.89,13.12,30.32,40.41,20.58,34.71,10.81,5.50
Free Cash Flow/Sales %,-82.82,-143.92,-152.89,-122.28,-0.31,-32.12,-53.37,-22.35,-35.22,-1.03,3.57
Free Cash Flow/Net Income,1.66,1.09,1.23,1.28,0.08,3.49,2.43,2.32,2.11,0.23,-1.05
,,,,,,,,,,,
Key Ratios -> Financial Health,,,,,,,,,,,
Balance Sheet Items (in %),2009-12,2010-12,2011-12,2012-12,2013-12,2014-12,2015-12,2016-12,2017-12,2018-12,Latest Qtr
Cash & Short-Term Investments,53.39,25.79,39.29,18.12,35.00,32.58,14.79,14.97,11.75,12.39,16.28
Accounts Receivable,2.67,1.74,1.34,2.41,2.03,3.87,2.09,2.20,1.80,3.19,3.44
Inventory,17.81,11.70,7.02,24.10,14.08,16.30,15.79,9.12,7.90,10.47,10.92
Other Current Assets,3.24,21.87,4.61,2.47,1.27,1.93,1.83,1.32,1.48,1.88,2.72
Total Current Assets,77.10,61.10,52.26,47.10,52.38,54.68,34.50,27.62,22.93,27.93,33.36
Net PP&E,18.04,31.75,43.47,50.47,46.38,44.38,64.19,66.35,71.51,66.21,60.51
Intangibles,,,,1.28,0.58,,,1.66,1.47,1.18,1.64
Other Long-Term Assets,4.85,7.15,4.27,1.15,0.67,0.93,1.31,4.37,4.09,4.68,4.49
Total Assets,100.00,100.00,100.00,100.00,100.00,100.00,100.00,100.00,100.00,100.00,100.00
Accounts Payable,11.57,7.50,7.87,27.23,12.58,13.30,11.32,8.50,8.64,11.78,10.85
Short-Term Debt,,,1.11,4.56,0.01,10.28,7.82,5.26,3.24,8.88,6.35
Taxes Payable,,0.69,0.14,0.87,1.58,1.22,1.25,0.70,0.67,1.21,
Accrued Liabilities,11.14,3.04,3.12,2.70,2.82,2.96,3.97,4.59,4.55,3.88,7.81
Other Short-Term Liabilities,21.37,10.93,14.59,13.02,10.96,8.26,10.43,7.58,10.65,8.82,6.73
Total Current Liabilities,44.08,22.16,26.82,48.39,27.93,36.02,34.80,26.63,27.75,34.57,31.75
Long-Term Debt,,18.60,37.61,36.03,24.25,31.88,25.73,27.32,34.05,32.53,35.41
Other Long-Term Liabilities,250.31,5.61,4.17,4.39,20.21,16.51,26.01,24.32,22.88,15.87,13.94
Total Liabilities,294.38,46.37,68.60,88.81,72.40,84.41,86.54,78.28,84.68,82.97,81.10
Total Stockholders' Equity,-194.38,53.63,31.40,11.19,27.60,15.59,13.46,21.72,15.32,17.03,18.90
Total Liabilities & Equity,100.00,100.00,100.00,100.00,100.00,100.00,100.00,100.00,100.00,100.00,100.00
,,,,,,,,,,,
Liquidity/Financial Health,2009-12,2010-12,2011-12,2012-12,2013-12,2014-12,2015-12,2016-12,2017-12,2018-12,Latest Qtr
Current Ratio,1.75,2.76,1.95,0.97,1.88,1.52,0.99,1.07,0.86,0.83,1.08
Quick Ratio,1.27,1.24,1.51,0.42,1.33,1.01,0.48,0.67,0.51,0.46,0.64
Financial Leverage,,1.86,3.18,8.94,3.62,6.42,7.43,4.77,6.76,6.04,5.43
Debt/Equity,,0.35,1.21,3.30,0.90,2.06,1.91,1.54,2.62,2.25,2.04
,,,,,,,,,,,
Key Ratios -> Efficiency Ratios,,,,,,,,,,,
Efficiency,2009-12,2010-12,2011-12,2012-12,2013-12,2014-12,2015-12,2016-12,2017-12,2018-12,TTM
Days Sales Outstanding,11.10,15.94,14.52,16.07,6.88,15.73,17.84,17.42,15.75,12.45,17.06
Days Inventory,71.06,145.14,121.88,151.73,71.36,101.93,130.42,113.04,82.88,56.33,61.99
Payables Period,52.16,93.44,108.87,171.23,71.18,85.23,99.01,93.82,81.35,60.71,63.52
Cash Conversion Cycle,29.99,67.64,27.53,-3.43,7.06,32.44,49.25,36.64,17.28,8.08,15.53
Receivables Turnover,32.89,22.90,25.13,22.72,53.02,23.20,20.46,20.96,23.18,29.31,21.39
Inventory Turnover,5.14,2.51,2.99,2.41,5.12,3.58,2.80,3.23,4.40,6.48,5.88
Fixed Assets Turnover,5.29,1.60,0.94,0.95,2.39,1.72,1.04,0.69,0.66,1.07,1.23
Asset Turnover,1.23,0.45,0.37,0.45,1.14,0.77,0.58,0.46,0.46,0.73,0.79
