Growth Profitability and Financial Ratios for Mastercard Inc A,,,,,,,,,,,
Financials,,,,,,,,,,,
,2009-12,2010-12,2011-12,2012-12,2013-12,2014-12,2015-12,2016-12,2017-12,2018-12,TTM
Revenue USD Mil,"5,099","5,539","6,714","7,391","8,346","9,473","9,667","10,776","12,497","14,950","14,950"
Gross Margin %,100,100,100,,,,,,,,
Operating Income USD Mil,"2,267","2,757","2,713","3,984","4,600","5,076","5,057","5,912","6,743","8,374","8,374"
Operating Margin %,44.5,49.8,40.4,53.9,55.1,53.6,52.3,54.9,54,56,56
Net Income USD Mil,"1,463","1,846","1,906","2,759","3,116","3,617","3,808","4,059","3,915","5,859","5,859"
Earnings Per Share USD,1.12,1.41,1.48,2.19,2.56,3.1,3.35,3.69,3.65,5.6,5.6
Dividends USD,0.06,0.06,0.06,0.12,0.29,0.49,0.67,0.79,0.66,1,1
Payout Ratio % *,5.3,4.3,3.4,5.4,8.3,15.1,19.6,21,20.5,20.2,17.8
Shares Mil,"1,300","1,310","1,284","1,258","1,215","1,169","1,137","1,101","1,072","1,047","1,047"
Book Value Per Share * USD,2.7,3.98,4.71,5.61,4.78,5.64,5.62,5.75,6.11,5.6,5.26
Operating Cash Flow USD Mil,"1,378","1,697","2,684","2,948","4,135","3,407","4,043","4,484","5,555","6,223","6,223"
Cap Spending USD Mil,-139,-151,-177,-218,-299,-334,-342,-382,-423,-504,-504
Free Cash Flow USD Mil,"1,239","1,546","2,507","2,730","3,836","3,073","3,701","4,102","5,132","5,719","5,719"
Free Cash Flow Per Share * USD,0.95,1.18,1.86,2.17,2.92,3.02,2.9,3.74,4.01,5.79,
Working Capital USD Mil,"1,836","3,311","3,524","4,451","4,918","4,775","4,716","6,022","5,004","4,578",
,,,,,,,,,,,
Key Ratios -> Profitability,,,,,,,,,,,
Margins % of Sales,2009-12,2010-12,2011-12,2012-12,2013-12,2014-12,2015-12,2016-12,2017-12,2018-12,TTM
Revenue,100,100,100,100,100,100,100,100,100,100,100
COGS,,,,,,,,,,,
Gross Margin,100,100,100,,,,,,,,
SG&A,52.77,47.55,45.23,37.59,36.63,37.01,37.22,35.2,35.56,34.1,34.1
R&D,,,,,,,,,,,
Other,2.77,2.67,14.36,8.51,8.26,9.41,10.47,9.94,10.48,9.89,9.89
Operating Margin,44.46,49.77,40.41,53.9,55.12,53.58,52.31,54.86,53.96,56.01,56.01
Net Int Inc & Other,-0.96,,0.49,-0.7,-1.2,0.03,-1.02,-2.47,-1.77,-7.83,-7.83
EBT Margin,43.5,49.77,40.9,53.2,53.92,53.62,51.29,52.39,52.19,48.19,48.19
,,,,,,,,,,,
Profitability,2009-12,2010-12,2011-12,2012-12,2013-12,2014-12,2015-12,2016-12,2017-12,2018-12,TTM
Tax Rate %,34.06,33.01,30.66,29.86,30.76,28.79,23.19,28.11,39.97,18.67,18.67
Net Margin %,28.68,33.33,28.39,37.33,37.34,38.18,39.39,37.67,31.33,39.19,39.19
Asset Turnover (Average),0.73,0.68,0.69,0.64,0.63,0.64,0.61,0.62,0.62,0.65,0.65
Return on Assets %,20.97,22.64,19.52,23.83,23.34,24.46,24.1,23.23,19.57,25.37,25.37
Financial Leverage (Average),2.13,1.7,1.82,1.8,1.9,2.26,2.7,3.3,3.9,4.6,4.6
Return on Equity %,53.86,42.39,34.43,43.16,43.27,50.68,59.42,69.48,70.39,107.87,107.87
Return on Invested Capital %,54.88,42.46,34.09,42.98,43.09,42.09,43.81,40.96,36.89,51.99,51.99
Interest Coverage,20.27,54.02,110.84,197.6,322.43,106.81,82.28,60.43,43.35,39.73,39.73
,,,,,,,,,,,
Key Ratios -> Growth,,,,,,,,,,,
,2009-12,2010-12,2011-12,2012-12,2013-12,2014-12,2015-12,2016-12,2017-12,2018-12,Latest Qtr
Revenue %,,,,,,,,,,,
Year over Year,2.15,8.64,21.21,10.08,12.92,13.5,2.05,11.47,15.97,19.63,14.95
3-Year Average,15.3,10.84,10.39,13.17,14.64,12.16,9.36,8.89,9.67,15.64,
5-Year Average,14.48,13.52,15.08,12.69,10.83,13.19,11.78,9.92,11.08,12.37,
10-Year Average,15.05,14.38,15.34,14.6,14.1,13.83,12.65,12.47,11.88,11.59,
Operating Income %,,,,,,,,,,,
Year over Year,16.35,21.62,-1.6,46.85,15.46,10.35,-0.37,16.91,14.06,24.19,29.25
3-Year Average,114.56,35.5,11.67,20.68,18.61,23.22,8.27,8.72,9.93,18.31,
5-Year Average,45.58,47.63,63.88,29.17,18.75,17.5,12.9,16.86,11.1,12.73,
10-Year Average,54.96,31.52,28.46,39.57,,30.79,29.1,38.39,19.79,15.7,
Net Income %,,,,,,,,,,,
Year over Year,,26.22,3.25,44.75,12.94,16.08,5.28,6.59,-3.55,49.66,
3-Year Average,207.73,19.35,,23.56,19.07,23.81,11.34,9.21,2.67,15.45,
5-Year Average,43.78,47.24,106.97,20.5,,19.85,15.58,16.32,7.25,13.46,
10-Year Average,45.16,31.64,29.65,37.24,,31.27,30.46,55.16,13.68,,
EPS %,,,,,,,,,,,
Year over Year,,25.9,5.69,47.74,16.68,21.09,8.06,10.15,-1.08,53.42,295.45
3-Year Average,211.28,20.65,,25.27,22.14,27.8,15.15,12.96,5.6,18.68,
5-Year Average,36.21,39.39,109.27,22.36,,22.67,18.98,19.97,10.72,16.95,
10-Year Average,37.32,23.89,22.32,32.16,,29.26,28.78,58.45,16.39,,
,,,,,,,,,,,
Key Ratios -> Cash Flow,,,,,,,,,,,
Cash Flow Ratios,2009-12,2010-12,2011-12,2012-12,2013-12,2014-12,2015-12,2016-12,2017-12,2018-12,TTM
Operating Cash Flow Growth % YOY,233.51,23.14,58.16,9.84,40.26,-17.61,18.67,10.91,23.88,12.03,
Free Cash Flow Growth % YOY,409.89,24.8,62.16,8.9,40.51,-19.89,20.44,10.83,25.11,11.44,
Cap Ex as a % of Sales,2.73,2.73,2.64,2.95,3.58,3.53,3.54,3.54,3.38,3.37,3.37
Free Cash Flow/Sales %,24.3,27.91,37.34,36.94,45.96,32.44,38.28,38.07,41.07,38.25,38.25
Free Cash Flow/Net Income,0.85,0.84,1.32,0.99,1.23,0.85,0.97,1.01,1.31,0.98,0.98
,,,,,,,,,,,
Key Ratios -> Financial Health,,,,,,,,,,,
Balance Sheet Items (in %),2009-12,2010-12,2011-12,2012-12,2013-12,2014-12,2015-12,2016-12,2017-12,2018-12,Latest Qtr
Cash & Short-Term Investments,38.55,47.5,46.28,40.43,44.2,41.13,41.42,44.63,36.49,33.7,33.7
Accounts Receivable,13.33,12.98,13.18,17.69,16.27,14.1,13.2,13.44,15.68,19.02,19.02
Inventory,,,,,,,,,,,
Other Current Assets,15.1,12.55,12.93,16.96,16.42,16.51,12.91,12.77,12.52,12.33,12.33
Total Current Assets,66.97,73.03,72.39,75.08,76.89,71.74,67.52,70.83,64.69,65.05,65.05
Net PP&E,6.01,4.97,4.2,3.79,3.69,4.01,4.15,3.93,3.89,3.7,3.7
Intangibles,9.69,13.66,15.7,14.16,12.6,14.59,16.56,13.27,19.48,15.67,15.67
Other Long-Term Assets,17.32,8.34,7.71,6.97,6.82,9.66,11.77,11.97,11.95,15.58,15.58
Total Assets,100,100,100,100,100,100,100,100,100,100,100
Accounts Payable,10.29,10.29,3.37,11.41,12.44,10.21,8.24,8.34,10.69,10.98,10.98
Short-Term Debt,,,,,,,,,,2.01,2.01
Taxes Payable,,,0.77,0.76,0.67,0.69,0.88,0.86,0.91,0.64,0.64
Accrued Liabilities,16.42,14.9,16.88,19.12,20.32,20.3,20.51,20.8,20.87,24.88,24.88
Other Short-Term Liabilities,15.73,10.42,18.46,8.12,8.95,9.49,8.99,8.64,8.81,8.17,8.17
Total Current Liabilities,42.44,35.61,39.47,39.41,42.39,40.68,38.61,38.64,41.28,46.68,46.68
Long-Term Debt,0.29,,,,,9.77,20.25,27.78,25.46,23.49,23.49
Other Long-Term Liabilities,10.31,5.42,5.61,5.04,5.02,5.16,4.01,3.24,7.58,8.11,8.11
Total Liabilities,53.05,41.03,45.08,44.44,47.41,55.61,62.87,69.67,74.33,78.28,78.28
Total Stockholders' Equity,46.95,58.97,54.92,55.56,52.59,44.39,37.13,30.33,25.67,21.72,21.72
Total Liabilities & Equity,100,100,100,100,100,100,100,100,100,100,100
,,,,,,,,,,,
Liquidity/Financial Health,2009-12,2010-12,2011-12,2012-12,2013-12,2014-12,2015-12,2016-12,2017-12,2018-12,Latest Qtr
Current Ratio,1.58,2.05,1.84,1.91,1.82,1.77,1.75,1.84,1.57,1.39,1.39
Quick Ratio,1.22,1.7,1.51,1.48,1.43,1.36,1.42,1.5,1.27,1.13,1.13
Financial Leverage,2.13,1.7,1.82,1.8,1.9,2.26,2.7,3.3,3.9,4.6,4.6
Debt/Equity,0.01,,,,,0.22,0.55,0.92,0.99,1.08,1.08
,,,,,,,,,,,
Key Ratios -> Efficiency Ratios,,,,,,,,,,,
Efficiency,2009-12,2010-12,2011-12,2012-12,2013-12,2014-12,2015-12,2016-12,2017-12,2018-12,TTM
Days Sales Outstanding,76.9,70.6,53.14,70.37,95.32,86.27,81.33,78.85,85.47,98.54,98.54
Days Inventory,,,,,,,,,,,
Payables Period,,,,,,,,,,,
Cash Conversion Cycle,,,,,,,,,,,
Receivables Turnover,4.75,5.17,6.87,5.19,3.83,4.23,4.49,4.63,4.27,3.7,3.7
Inventory Turnover,,,,,,,,,,,
Fixed Assets Turnover,13.49,12.48,15.12,16.05,16.73,16.6,14.99,15.31,16,17.09,17.09
Asset Turnover,0.73,0.68,0.69,0.64,0.63,0.64,0.61,0.62,0.62,0.65,0.65